{"aggregates":{"times":{"total":{"mean":187.50897499918938,"std":61.428714813473825,"min":102.56299996376038,"max":281.6888999938965,"median":182.49994999170303,"count":8},"events":{"compute::B1-generate-rs-issue-tag":{"mean":0.14887499809265137,"std":0.1628634641064262,"min":0.06180000305175781,"max":0.49059998989105225,"median":0.06499999761581421,"count":8},"compute::B2-generate-rs":{"mean":23.77871249616146,"std":2.578347570439102,"min":20.15180003643036,"max":27.560599982738495,"median":24.306650012731552,"count":8},"broadcast/covert::B3-signed-input":{"mean":0.23147500306367874,"std":0.047836090910687336,"min":0.18140000104904175,"max":0.3111000061035156,"median":0.21260002255439758,"count":8},"receive::B3-signed-input":{"mean":127.17453749477863,"std":61.47136370864226,"min":36.67239999771118,"max":219.88679999113083,"median":129.16899996995926,"count":8},"broadcast/open::B4-received-messages":{"mean":0.335487499833107,"std":0.1030653231197826,"min":0.26180005073547363,"max":0.5412999987602234,"median":0.2903999984264374,"count":8},"receive::B4-received-messages":{"mean":34.40865000337362,"std":6.1803215098088655,"min":21.509100019931793,"max":44.330799996852875,"median":34.728049993515015,"count":8}}},"results":{"compute::messages":{"n=8,hash=fc5cf67b1886a6197af9a792373038be5bd46dacb395ac82133cc46944553101":8}}},"reports":[{"id":"ws://localhost:15007","times":{"events":{"compute::B1-generate-rs-issue-tag":{"type":"compute","start":5076.071600019932,"end":5076.13630002737},"compute::B2-generate-rs":{"type":"compute","start":5076.145300030708,"end":5098.328299999237},"broadcast/covert::B3-signed-input":{"type":"broadcast/covert","start":5098.345899999142,"end":5098.527300000191},"receive::B3-signed-input":{"type":"receive","start":5098.535700023174,"end":5218.240400016308},"broadcast/open::B4-received-messages":{"type":"broadcast/open","start":5218.52680003643,"end":5219.068100035191},"receive::B4-received-messages":{"type":"receive","start":5219.074400007725,"end":5240.583500027657}},"start":5076.0271000266075,"end":5245.190400004387},"results":{"compute::messages":"n=8,hash=fc5cf67b1886a6197af9a792373038be5bd46dacb395ac82133cc46944553101"}},{"id":"ws://localhost:15001","times":{"events":{"compute::B1-generate-rs-issue-tag":{"type":"compute","start":4998.321400046349,"end":4998.3867000341415},"compute::B2-generate-rs":{"type":"compute","start":4998.396600008011,"end":5025.957199990749},"broadcast/covert::B3-signed-input":{"type":"broadcast/covert","start":5025.97990000248,"end":5026.264800012112},"receive::B3-signed-input":{"type":"receive","start":5026.274800002575,"end":5212.0672000050545},"broadcast/open::B4-received-messages":{"type":"broadcast/open","start":5212.378100037575,"end":5212.65860003233},"receive::B4-received-messages":{"type":"receive","start":5212.672200024128,"end":5247.385399997234}},"start":4998.291500031948,"end":5247.853500008583},"results":{"compute::messages":"n=8,hash=fc5cf67b1886a6197af9a792373038be5bd46dacb395ac82133cc46944553101"}},{"id":"ws://localhost:15005","times":{"events":{"compute::B1-generate-rs-issue-tag":{"type":"compute","start":5027.199000000954,"end":5027.510500013828},"compute::B2-generate-rs":{"type":"compute","start":5027.522800028324,"end":5053.519400000572},"broadcast/covert::B3-signed-input":{"type":"broadcast/covert","start":5053.5365000367165,"end":5053.726300001144},"receive::B3-signed-input":{"type":"receive","start":5053.737900018692,"end":5213.04230004549},"broadcast/open::B4-received-messages":{"type":"broadcast/open","start":5213.322700023651,"end":5213.592700004578},"receive::B4-received-messages":{"type":"receive","start":5213.599900007248,"end":5248.342800021172}},"start":5027.160499989986,"end":5249.122000038624},"results":{"compute::messages":"n=8,hash=fc5cf67b1886a6197af9a792373038be5bd46dacb395ac82133cc46944553101"}},{"id":"ws://localhost:15004","times":{"events":{"compute::B1-generate-rs-issue-tag":{"type":"compute","start":5054.252800047398,"end":5054.316799998283},"compute::B2-generate-rs":{"type":"compute","start":5054.437300026417,"end":5075.215800046921},"broadcast/covert::B3-signed-input":{"type":"broadcast/covert","start":5075.243900001049,"end":5075.456400036812},"receive::B3-signed-input":{"type":"receive","start":5075.475500047207,"end":5214.108799993992},"broadcast/open::B4-received-messages":{"type":"broadcast/open","start":5214.590099990368,"end":5214.902700006962},"receive::B4-received-messages":{"type":"receive","start":5214.907000005245,"end":5249.692300021648}},"start":5054.224700033665,"end":5250.061300039291},"results":{"compute::messages":"n=8,hash=fc5cf67b1886a6197af9a792373038be5bd46dacb395ac82133cc46944553101"}},{"id":"ws://localhost:15003","times":{"events":{"compute::B1-generate-rs-issue-tag":{"type":"compute","start":5099.014100015163,"end":5099.075900018215},"compute::B2-generate-rs":{"type":"compute","start":5099.0830000042915,"end":5123.977699995041},"broadcast/covert::B3-signed-input":{"type":"broadcast/covert","start":5123.9865000247955,"end":5124.185699999332},"receive::B3-signed-input":{"type":"receive","start":5124.194600045681,"end":5215.347200036049},"broadcast/open::B4-received-messages":{"type":"broadcast/open","start":5215.628899991512,"end":5215.92919999361},"receive::B4-received-messages":{"type":"receive","start":5215.933200001717,"end":5250.595499992371}},"start":5098.9887999892235,"end":5250.965200006962},"results":{"compute::messages":"n=8,hash=fc5cf67b1886a6197af9a792373038be5bd46dacb395ac82133cc46944553101"}},{"id":"ws://localhost:15002","times":{"events":{"compute::B1-generate-rs-issue-tag":{"type":"compute","start":5124.688000023365,"end":5124.758900046349},"compute::B2-generate-rs":{"type":"compute","start":5124.766000032425,"end":5149.711899995804},"broadcast/covert::B3-signed-input":{"type":"broadcast/covert","start":5149.720400035381,"end":5149.933100044727},"receive::B3-signed-input":{"type":"receive","start":5150.050700008869,"end":5216.300400018692},"broadcast/open::B4-received-messages":{"type":"broadcast/open","start":5216.573599994183,"end":5216.835400044918},"receive::B4-received-messages":{"type":"receive","start":5216.8391000032425,"end":5251.528600037098}},"start":5124.663399994373,"end":5251.983500003815},"results":{"compute::messages":"n=8,hash=fc5cf67b1886a6197af9a792373038be5bd46dacb395ac82133cc46944553101"}},{"id":"ws://localhost:15006","times":{"events":{"compute::B1-generate-rs-issue-tag":{"type":"compute","start":5150.582000017166,"end":5150.644200026989},"compute::B2-generate-rs":{"type":"compute","start":5150.651199996471,"end":5170.803000032902},"broadcast/covert::B3-signed-input":{"type":"broadcast/covert","start":5170.819299995899,"end":5171.07950001955},"receive::B3-signed-input":{"type":"receive","start":5171.093400001526,"end":5207.765799999237},"broadcast/open::B4-received-messages":{"type":"broadcast/open","start":5207.914900004864,"end":5208.364199995995},"receive::B4-received-messages":{"type":"receive","start":5208.378100037575,"end":5252.708900034428}},"start":5150.556600034237,"end":5253.119599997997},"results":{"compute::messages":"n=8,hash=fc5cf67b1886a6197af9a792373038be5bd46dacb395ac82133cc46944553101"}},{"id":"ws://localhost:15000","times":{"events":{"compute::B1-generate-rs-issue-tag":{"type":"compute","start":4972.647500038147,"end":4973.138100028038},"compute::B2-generate-rs":{"type":"compute","start":4973.156199991703,"end":4996.874800026417},"broadcast/covert::B3-signed-input":{"type":"broadcast/covert","start":4996.956300020218,"end":4997.267400026321},"receive::B3-signed-input":{"type":"receive","start":4997.379500031471,"end":5217.266300022602},"broadcast/open::B4-received-messages":{"type":"broadcast/open","start":5217.551200032234,"end":5217.819299995899},"receive::B4-received-messages":{"type":"receive","start":5217.825900018215,"end":5253.662000000477}},"start":4972.337900042534,"end":5254.02680003643},